№з/п,Повне найменування політичної партії,Дата реєстрації політичної партії(дд.мм.рррр),Номер свідоцтва про реєстрацію політичної партії,Адреса місцезнаходження керівних органів місцевої організації партії (юридична адреса)
1.,Політична партія «Республіканська платформа»,05.11.1990,№ 4,"вул. Кирилівська, буд. 63 Д, м. Київ, 04080"
2.,Партія Зелених України,24.05.1991,№ 80,"м. Київ, вул. Малопідвальна, буд 12/10, кв. 15"
3.,Демократична партія України,28.06.1991,№ 94,"01032, м. Київ, вулиця Саксаганського, будинок 133-А. (В ЄРГФ місцезнаходження –04060, м. Київ, вул. Подвойського,буд. №4)"
4.,Ліберальна партія України,10.10.1991,№ 132,"м. Київ, вул. Велика Васильківська,буд. 81, к. 20"
5.,Соціалістична партія України,25.11.1991,№ 157,"02100, м. Київ, вул. Бажова, буд. 12"
6.,Селянська партія України,03.03.1992,№ 214,"м. Київ, вул. Чигоріна, 59"
7.,Ліберально-демократична партія України,17.07.1992,№ 268,"м. Київ, вул. Братиславська, б.40, кв.110"
8.,ПОЛІТИЧНА ПАРТІЯ «СПРАВЖНІ ДІЇ»,30.10.1992,№ 318,"вул. Мінська, буд.5, м. Запоріжжя, 69041"
9.,Всеукраїнське об’єднання «ЧЕРКАЩАНИ»,23.11.1992,№ 325,"04050, м .Київ, віл. Січових стрільців , будинок 81, офіс 1"
10.,Конгрес Українських Націоналістів,26.01.1993,№ 385,"м. Київ, вул. Хрещатик, 21, пом. 111"
11.,Політична партія «Народний Рух України»,01.02.1993,№ 391,"м. Київ, вул. О. Гончара, 33"
12.,Партія ветеранів Афганістану,09.02.1993,№ 398,"м. Київ, Львівська площа, 8"
13.,Соціал-демократична партія України,04.03.1993,№ 419,"м. Київ, вул. Панаса Мирного, 27, к. 50"
14.,Партія «Віче»,14.05.1993,№ 457,"м. Київ, вул. Щербакова, 61-Б, кв.19,"
15.,ПОЛІТИЧНА ПАРТІЯ «КРАЇНА»,21.05.1993,№ 460,"м.Київ, вул. Микільсько-Слобідська, 2-Б, кв. 61"
16.,Слов’янська партія,10.06.1993,№ 469,"Донецька обл., м. Донецьк, вул. Постишева, 70"
17.,Політична партія «Організація Українських Націоналістів»,17.11.1993,№ 518,"м. Київ, вул. Гоголівська, 39-а"
18.,Політична партія Всеукраїнське об’єднання «Громада»,22.03.1994,№ 551,"м. Київ, пров. Лабораторний, 1"
19.,Народно-Демократична партія патріотів України,22.12.1994,№ 614,"м. Київ, вул. Інститутська, б. 22/7, кв. 34"
20.,Всеукраїнське об’єднання «Свобода»,16.10.1995,№ 686,"м. Київ, вул. Вишняківська, 6а, кв. 70"
21.,Всеукраїнське об’єднання «ДЕМОКРАТИ (Демократична партія)»,25.01.1996,№ 709,"02096, м. Київ, вул. Новодарницька, буд. 6, кв. 53"
22.,Народно-демократична партія (НДП),30.05.1996,№ 744,"м. Київ, вул. Горького, 107-а"
23.,Соціал-демократична партія України (об’єднана),01.07.1996,№ 751,"м. Київ, вул. Івана Франка, 18"
24.,Прогресивна соціалістична партія України,09.07.1996,№ 753,"м. Київ, вул. П. Мирного, 27, кв. 51"
25.,Народна Партія,30.12.1996,№ 812,"м. Київ, вул. Рейтерська, 6-а"
26.,Партія «Жінки України»,21.03.1997,№ 836,"01103, м. Київ, вул. Кіквідзе, 3, кв. 3"
27.,Партія Християнсько-Демократичний Союз,27.03.1997,№ 840,"м. Київ, вул. Б. Хмельницького, б. 3-а"
28.,Партія «Союз»,11.06.1997,№ 867,"м. Київ, вул. Почайнинська, 28а"
29.,Політична партія «Справжня Україна»,11.06.1997,№ 868,"м. Київ, бул. Дружби Народів, б. 5"
30.,Партія захисників Вітчизни,07.07.1997,№ 876,"01001, м. Київ, вул. Хрещатик, будинок 10, корпус Б, квартира 17"
31.,Республіканська Християнська партія,24.07.1997,№ 886,"м. Київ, вул. Шовковична, буд. 29, кв. 16"
32.,Політична партія «ПРАВИЙ СЕКТОР»,29.09.1997,№ 923,"м. Київ, вул. В. Касіяна, буд. 2а, кв. 21"
33.,Партія «Реформи і порядок»,24.10.1997,№ 932,"м. Київ, вул. Інститутська, 28"
34.,ПОЛІТИЧНА ПАРТІЯ «ПАРТІЯ РЕГІОНІВ»,06.11.1997,№ 939,"м. Київ, вул. Кудрявська, 3/5"
35.,Партія «НАРОДНИЙ БЛОК»,19.01.1998,№ 967,"01024, м. Київ, вул. Лютеранська, 26/17, літера «А»"
36.,Партія «За Права Людини»,20.01.1998,№ 968,"м. Київ, вул. Вишняківська, б. 9, кв. 159"
37.,ПАРТІЯ «РУСЬ»,30.09.1998,№ 1070,"Чернігівська обл., Ріпкинський р-н,смт Любеч, вул. Радянська, 22"
38.,ПОЛІТИЧНА ПАРТІЯ «СПРАВЕДЛИВОСТІ ТА РОЗВИТКУ»,20.10.1998,№ 1080,"м. Київ, вул. Чигоріна, 18"
39.,Політична Партія  «Україна – Вперед!»,11.12.1998,№ 1102,"01024, м.Київ, вул. Круглоуніверситетська, буд. 3-5, офіс 74"
40.,Патріотична партія України (ППУ),31.12.1998,№ 1109,"м. Київ, вул. Шолом Алейхема, 6, к. 148"
41.,Політична партія малого і середнього бізнесу України,04.01.1999,№ 1110,"м. Київ, вул. І. Кудрі, 20-А, кв.4"
42.,Політична партія «Держава»,11.01.1999,№ 1113,"м. Київ, вул. Г. Сковороди, 17-в"
43.,Політична партія «ДОВІРЯЙ ДІЛАМ»,26.01.1999,№ 1115,"65039, Одеська обл., м. Одеса,вул. Транспортна, 10, кв. 12"
44.,Партія «Громадська сила»,30.03.1999,№ 1152,"49044, Дніпропетровська обл., м. Дніпро, вул. Барикадна, буд.15-А, поверх 5."
45.,ПОЛІТИЧНА ПАРТІЯ «ВСЕУКРАЇНСЬКЕ ПОЛІТИЧНЕ ОБ'ЄДНАННЯ «ЄДИНА РОДИНА»,30.04.1999,№ 1169,"02098, м. Київ, просп. Павла Тичини, буд. 10, кв. 96,"
46.,Політична партія «ТРЕТЯ УКРАЇНСЬКА РЕСПУБЛІКА»,13.05.1999,№ 1174,"м. Київ, бульвар Лесі Українки, 10-А"
47.,ПОЛІТИЧНА ПАРТІЯ «ПОРЯДОК.ВІДПОВІДАЛЬНІСТЬ.СПРАВЕДЛИВІСТЬ»,20.05.1999,№ 1176,"01024, м. Київ, вул. Богомольця, 7/14, прим. 182"
48.,Політична партія «Молода Україна»,09.07.1999,№ 1197,"м. Київ, вул. Хрещатик, 10-а"
49.,Молодіжна партія України,03.09.1999,№ 1220,"м. Київ, вул. Шулявська, 15/23, кв. 124"
50.,Всеукраїнське об’єднання «Батьківщина»,16.09.1999,№ 1222,"м. Київ, вул. Турівська, 15"
51.,Єдиний Центр,24.09.1999,№ 1228,"04070, м. Київ, вул. Ярославська, 56-А"
52.,Партія Вільних демократів,02.11.1999,№ 1247,"18006, Черкаська обл., м. Черкаси, Придніпровський р., вул. Юрія Іллєнка, 27"
53.,Партія Пенсіонерів України,11.11.1999,№ 1251,"Одеська обл., м. Одеса, вул. Балківська, 14"
54.,ПОЛІТИЧНА ПАРТІЯ «ОПОЗИЦІЙНА ПЛАТФОРМА – ЗА ЖИТТЯ»,09.12.1999,№ 1276,"м. Київ, вул. Москворецька, 13"
55.,Партія «РОДИНА»,13.12.1999,№ 1277,"Одеська обл., м. Одеса, вул. Літературна, 1-А"
56.,Всеукраїнська партія «Нова Сила»,16.12.1999,№ 1281,"м. Київ, вул. Павлівська, 18, кв. 100"
57.,Партія «Солідарність жінок України»,23.12.1999,№ 1288,"49101, Дніпропетровська обл., м. Дніпро, просп. Олександра Поля, буд. 72, 1."
58.,Українська Народна Партія,31.12.1999,№ 1301,"м. Київ, вул. Пушкінська, 28-а"
59.,«Народна партія вкладників та соціального захисту»,01.02.2000,№ 1320,"Луганська обл., м. Луганськ, квартал Волкова, 2-а"
60.,Українська партія «Єдність»,04.02.2000,№ 1324,"01004, м. Київ, вул. Пушкінська, буд. 32-А"
61.,Партія промисловців і підприємців України,20.04.2000,№ 1410,"м. Київ, вул. Ш. Руставелі, 11"
62.,Політична партія «За Україну!»,04.05.2000,№ 1417,"м. Київ, вул. Івана Пулюя, 5"
63.,ПОЛІТИЧНА ПАРТІЯ «ЄВРОПЕЙСЬКА СОЛІДАРНІСТЬ»,05.05.2000,№ 1418,"04176, м. Київ, вул. Електриків,буд. 29-А."
64.,Партія «Справедливість»,18.05.2000,№ 1430,"м. Київ, вул. Вербицького, 4а, офіс 184."
65.,Політична партія «Трудова Україна»,21.06.2000,№ 1457,"м. Київ, вул. Артема, 77"
66.,Всеукраїнська партія Народної Довіри,23.08.2000,№ 1482,"м. Київ, вул. Чапаєва, буд. 2/16"
67.,Партія «Національно-демократичне об’єднання «Україна»,01.09.2000,№ 1495,"м. Київ, вул. Ніколаєва, 15, кв. 62"
68.,Народний Рух України за єдність,22.12.2000,№ 1536,"07540, Київська обл., м. Березань,вул. Леніна, буд. 148. (в ЄРГФ місцезнаходження –м. Київ, вул. Виборзька, 42)"
69.,Українська політична партія «Християнський рух»,29.12.2000,№ 1541,"м. Київ, вул. Васильківська, 47, к. 1, кв. 2"
70.,Політична партія «НОВА ПОЛІТИКА»,14.02.2001,№ 1573,"01001, м. Київ, Музейний провулок 10, 9 поверх"
71.,Зелена екологічна партія України «Райдуга»,20.03.2001,№ 1594,"м. Київ, пр. Перемоги, 15"
72.,Українська морська партія Сергія Ківалова,27.03.2001,№ 1601,"65009, м. Одеса, Фонтанська дорога, 33"
73.,«Жінки за майбутнє» Всеукраїнське політичне об’єднання,30.03.2001,№ 1606,"м. Київ, вул. Інститутська, буд. 22/7, офіс 93"
74.,Всеукраїнська партія духовності і патріотизму,30.03.2001,№ 1610,"м. Київ, вул. Мала Житомирська,буд. 11, оф. 5а"
75.,ПОЛІТИЧНА ПАРТІЯ «25»,01.08.2001,№ 1-п.п.,"м. Київ,  вул. Старонаводницька,буд. 4-а, пом. 24"
76.,Соціально-екологічна партія «Союз. Чорнобиль. Україна.»,11.12.2002,№ 6-п.п.,"м. Київ, вул. Юрія Коцюбинського, 3"
77.,Політична партія «Союз анархістів України»,28.12.2002,№ 7-п.п.,"65045, Одеська обл., м. Одеса, пров. Шухевича, 5, кв. 5"
78.,Політична партія України «РУСЬ ЄДИНА»,05.06.2003,№ 8-п.п,"м. Київ, вул. Маршала Якубовського, 8"
79.,ПОЛІТИЧНА ПАРТІЯ «ВСЕУКРАЇНСЬКА ПОЛІТИЧНА ПАРТІЯ - ЕКОЛОГІЯ ТА СОЦІАЛЬНИЙ ЗАХИСТ» (В ЄРГФ найменування – «Всеукраїнська Політична партія - Екологія та Соціальний захист»),07.11.2003,№ 9-п.п.,"м. Київ, вул. Харківське шосе, б. 160"
80.,Партія «Відродження»,15.06.2004,№ 97-п.п.,"В ЄДР місцезнаходження - 01001,м. Київ, пров. Музейний10, поверх 4.(В ЄРГФ місцезнаходження –01001, м. Київ, пров. Музейний 10)"
81.,Політична Партія «УКРАЇНСЬКИЙ ДІМ»,07.07.2004,№ 98-п.п.,"03169, м. Київ, вулиця Генерала Ватутіна, будинок 87 Б"
82.,Всеукраїнська політична партія «БРАТСТВО»,05.08.2004,№ 99-п.п.,"м. Київ, вул. Черняхівського, 36"
83.,ПОЛІТИЧНА ПАРТІЯ «ОСНОВА»,13.10.2004,№ 101-п.п.,"04070, м. Київ, вул. Борисоглібська, буд. 6-Б"
84.,Партія «Соціалістична Україна»,23.12.2004,№ 103-п.п,"м. Київ, вул. Бажова, 9"
85.,Політична партія «Сила і Честь»,29.12.2004,№ 104-п.п.,"01014, м. Київ, вул. Курганівська, 3, літера «А», оф. 115"
86.,Політична Партія «Всеукраїнський патріотичний союз»,18.01.2005,№ 105-п.п.,"04070, м. Київ, вул. Нагорна, буд. 25-27, офіс № 76"
87.,Політична Партія «Третя Сила»,28.01.2005,№ 106-п.п.,"м. Київ, вул. Тельмана, 5"
88.,Партія «НАШ ДІМ УКРАЇНА»,16.02.2005,№ 107-п.п.,"Луганська обл., м. Алчевськ,вул. Ленінградська, буд. 3"
89.,«КМКС» Партія угорців України,17.02.2005,№ 108-п.п.,"Закарпатська обл., м. Ужгород, Православна набережна, 5"
90.,"Українська партія честі, боротьби з корупцією та організованою злочинністю",17.02.2005,№ 109-п.п.,"м. Київ, вул. Лютеранська, 20"
91.,Політична партія «Народна екологічна партія»,25.02.2005,№ 110-п.п.,"03150, м. Київ, вул. В. Васильківська, буд. 114, кв. 165. (В ЄРГФ місцезнаходження - м. Київ, вул. Тропініна, 4-б)"
92.,Республіканська Партія України,11.03.2005,№ 111-п.п.,"м. Київ, вул. Велика Васильківська, 64"
93.,Політична партія «УДАР (Український Демократичний Альянс за Реформи) Віталія Кличка»,14.03.2005,№ 112-п.п.,"01034, м. Київ, вул. Ярославів Вал,буд, 8, літера Б."
94.,Політична партія «Нова демократія»,14.03.2005,№ 113-п.п.,"м. Київ, бульвар Лесі Українки, 13,кв. 16"
95.,ПОЛІТИЧНА ПАРТІЯ «СИЛА ПРАВА»,18.03.2005,№ 114-п.п.,"01024, м.Київ, вул. Шовковична, буд. 36/7, оф. 13"
96.,Політична партія «Наша Україна»,22.03.2005,№ 115-п.п.,"м. Київ, вул. Спаська, 37"
97.,Громадянська партія «ПОРА»,23.03.2005,№ 127-п.п.,"м. Київ, вул. Десятинна, 1/3"
98.,Політична партія «Громадянська позиція»,24.03.2005,№ 116-п.п.,"м. Київ, вул. Дмитрівська, буд.45, кв. 20"
99.,Демократична партія угорців України,24.03.2005,№ 117-п.п.,"90200, Закарпатська обл., м. Берегове, вул. Ілона Зріні, буд. 13(В ЄРГФ місцезнаходження –Закарпатська обл., м. Берегове,вул. Сечені 59 Б)"
100.,Українська партія «Зелена планета»,24.03.2005,№ 118-п.п.,"м. Київ, вул. Хрещатик, 7/11, оф.21;"
101.,Політична партія «Україна Соборна»,24.03.2005,№ 119-п.п.,"01013, м. Київ,  вулиця Промислова, буд. 4/7, офіс 10"
102.,Партія Труда,25.03.2005,№ 120-п.п.,"м. Київ, Оболонський проспект, 23-А"
103.,Партія «Громадянська солідарність»,25.03.2005,№ 121-п.п.,"02060, м. Київ, вул. Братиславська, 52"
104.,ПОЛІТИЧНА ПАРТІЯ «ПАРТІЯ ВІННИЧАН»,25.03.2005,№ 122-п.п.,"01103, м. Київ, вул. Михайла Бойчука, буд. 7/11, кв. 2"
105.,Партія «Сильна Україна»,25.03.2005,№ 123-п.п.,"01032, м. Київ, вул. Симона Петлюри, 30"
106.,Політична партія «Совість України»,25.03.2005,№ 125-п.п.,"86420, Донецька обл., м. Єнакієве,вул. Комуністична, буд. 55, кв. 202.(В ЄРГФ місцезнаходження – м. Київ, вул. Львівська, 49)"
107.,Політична партія «ПАТРІОТ»,25.03.2005,№ 126-п.п.,"01032, м. Київ,  вул. Антоновича, буд. 157"
108.,ПОЛІТИЧНА ПАРТІЯ «НАРОДНА ПРОГРАМА ВАДИМА ЧОРНОГО»,20.07.2005,№ 128-п.п.,"04080, м. Київ, вул. Кирилівська, буд. 102"
109.,Політична партія «Соціал-Патріотична Асамблея Слов’ян»,14.02.2006,№ 129-п.п.,"м. Київ, вул. Ревуцького, 44-б, кв.65"
110.,Політична партія «Народно-трудовий союз України»,11.04.2006,№ 130-п.п.,"01001, м. Київ, вул. Трьохсвятительська, буд.13, офіс 6"
111.,Політична партія «СПІЛЬНА ДІЯ»,10.07.2006,№ 132-п.п.,"м. Київ, вул. Горького, 20-Б, оф. 22"
112.,Політична партія «Європейська партія України»,03.08.2006,№ 133-п.п.,"01054, м. Київ, вул. Оболонська, 13-15, кв.9"
113.,Політична партія «Велика Україна»,15.09.2006,№ 134-п.п.,"04080, м. Київ, вул. Кирилівська, буд. 82, оф. 256  (В ЄРГФ місцезнаходження – м. Київ, вул. Фрунзе, 82, оф. 256)"
114.,Політична партія «Ліберально-гуманістична партія «Товариш»,15.09.2006,№ 135-п.п.,"м. Київ, пров. Коломиївський, 3/1"
115.,Аграрна партія України,14.11.2006,№ 136-п.п.,"м. Київ, площа Солом’янська, 2"
116.,Політична Партія «КОЗАЦЬКА СЛАВА»,29.11.2006,№ 137-п.п.,"м. Київ, вул. Михайла Грушевського, 28/2, оф. 43"
117.,Політична партія «Політичне об’єднання «Пряма дія»,13.12.2006,№ 138-п.п.,"м. Київ, вул. Якіра, 8, оф. 39"
118.,Українська республіканська партія,21.12.2006,№ 139-п.п.,"01034, м. Київ, вул. Олеся Гончара,буд. 25, кв. 12"
119.,Українська партія (В ЄРГФ найменування в лапках – «Українська партія»),27.12.2006,№ 140-п.п.,"04080, м. Київ, вул. Костянтинівська, буд. 68, кім. 409"
120.,Політична партія «Українські соціал-демократи»,20.01.2007,№ 141-п.п.,"02097, м. Київ, вул. Радунська, 38, кв. 90"
121.,Партія «Київська Русь»,13.04.2007,№ 143-п.п.,"м. Київ, просп. Павла Тичини, 10, кв. 52"
122.,Політична партія «Фронт Змін» (в стані припинення),26.06.2007,№ 144-п.п.,"м. Київ, вул. Верхній Вал, 4-А, кім. 17"
123.,Політична Партія «Біла Церква разом»,14.01.2008,№ 145-п.п.,"м. Київ, вул. Івана Мазепи, буд. 3,офіс 174"
124.,Політична партія «Союз Лівих Сил»,28.01.2008,№ 146-п.п.,"04053, м. Київ, вул. Артема, 11-А"
125.,ПОЛІТИЧНА ПАРТІЯ «БЛОК ЛІВИХ СИЛ УКРАЇНИ»,01.02.2008,№ 147-п.п.,"м. Київ, вул. Ентузіастів, 15, к. 157"
126.,Всеукраїнська козацька партія,05.05.2008,№ 148-п.п.,"01001, м. Київ, вул. Мала Житомирська, 11, офіс 5А"
127.,Політична партія «РУСИЧИ»,07.05.2008,№ 149-п.п.,"01024, м. Київ, вул. Академіка Богомольця, 6"
128.,Політична партія «Партія Козаків України»,10.06.2008,№ 150-п.п.,"83087, Донецька обл., м. Донецьк, просп. Офіцерський, буд. 69-Г  (В ЄРГФ місцезнаходження –81001, Донецька обл., м. Донецьк,вул. Постишева, буд. 60, оф. 733)"
129.,Політична партія «Козацька Українська Партія»,10.06.2008,№ 151-п.п.,"04212, м. Київ, вул. Тимошенка, 1д, кв. 3"
130.,Політична партія «За Майбутнє»,18.07.2008,№ 152-п.п.,"01024, м. Київ, вул. Лютеранська,буд. 16, кв. 31"
131.,Політична партія «ПОБРАТИМИ УКРАЇНИ»,04.09.2008,№ 154-п.п.,"м. Київ, вул. Ярославська, 32/33"
132.,Політична партія «Воля народу»,02.10.2008,№ 155-п.п.,"м. Київ, вул. Зоологічна, буд. 4-а, оф. 139"
133.,Політична Партія «САМОВРЯДНА УКРАЇНСЬКА ДЕРЖАВА»,02.10.2008,№ 156-п.п.,"м. Київ, вул. Щербакова, 34, кв. 51"
134.,Політична партія «Партія захисту прав людини»,06.10.2008,№ 157-п.п.,"65033, м. Одеса, вул. Щорса, 103"
135.,Політична партія «Зелені»,16.10.2008,№ 158-п.п.,"01001, м. Київ, вул. Рибальська, буд. 13, н.п. 46"
136.,Політична партія «Кияни передусім!»,23.10.2008,№ 159-п.п.,"м. Київ, вул. Шолуденка, 2"
137.,Політична партія «Єдина Країна»,24.10.2008,№ 160-п.п.,"03057, м. Київ, вул. Софії Перовської, буд. 10, корпус Б, офіс.(В ЄРГФ місцезнаходження –03057, м. Київ, вул. Софії Перовської, буд 10, літера «Б»)"
138.,Політична партія «Громадянський рух «Хвиля»,28.10.2008,№ 161-п.п.,"02091, м. Київ, вул. Харківське Шосе, будинок 62, квартира 145"
139.,Політична партія«БЛОК ОПОЗИЦІЙНИХ СИЛ»,18.11.2008,№ 163-п.п.,"01015, м. Київ, вул. Старонаводницька, буд.  29"
140.,ПОЛІТИЧНА ПАРТІЯ «ОНОВЛЕННЯ»,17.12.2008,№ 164-п.п.,"01015, м. Київ, вул. Цитадельна, буд. 4/7, кв. 33."
141.,ПОЛІТИЧНА ПАРТІЯ «СПРАВА»,12.01.2009,№ 165-п.п.,"49000, Дніпропетровська обл.,м. Дніпропетровськ, р-н Центральний, вул. Старокозацька, буд. 58"
142.,Політична партія «Партія економічного відродження України»,14.01.2009,№ 166-п.п.,"01010, м. Київ, вул. Івана Мазепи, буд. 3, офіс 197"
143.,Політична партія «Партія Народний порядок»,16.03.2009,№ 167-п.п.,"Донецька обл., м. Донецьк, вул. Постишева, 11, кв.8"
144.,Політична партія «СОЦІАЛЬНА СПРАВЕДЛИВІСТЬ»,25.03.2009,№ 168-п.п.,"м. Київ, бул. Дружби Народів, 28,корпус В, оф. 311"
145.,Політична партія «Всеукраїнська партія «Дітей війни»,13.04.2009,№ 170-п.п.,"м. Київ, вул. Бажова, 12, оф. 3"
146.,Політична партія «ДІТИ ВІЙНИ «НАРОДНА ПАРТІЯ УКРАЇНИ»,14.04.2009,№ 171-п.п.,"Донецька обл., м. Слов’янськ,вул. Генерала Батюка, буд.8(в ЄРГФ місцезнаходження – Донецька обл., м. Слов’янськ, вул. Генерала Батюка, буд.8, офіс 1)"
147.,Політична партія «Рідне місто»,22.04.2009,№ 172-п.п.,"м. Київ, вул. Вишгородська, 14"
148.,ПОЛІТИЧНА ПАРТІЯ «НАШ ДІМ»,20.04.2009,№ 173-п.п.,"49044, м. Дніпропетровськ,бул. Катеринославський, буд. 2, офіс 610"
149.,Політична партія «Партія сильної влади»,09.07.2009,№ 174-п.п.,"м. Київ, Алма-Атинська, 39-А, кв. 282(в ЄРГФ місцезнаходження – м. Київ, Алмаатинська, 39-А/282)"
150.,Політична партія «Справедлива країна»,09.07.2009,№ 175-п.п.,"м. Дніпропетровськ,вул. Молодогвардійська, 2-Д"
151.,Політична партія «Партія місцевого самоврядування»,13.07.2009,№ 176-п.п.,"01033, м. Київ, вул. Микільсько-Ботанічна, буд. 6/8, оф. 41"
152.,Політична партія «Праведність»,22.01.2010,№ 177-п.п.,"м. Київ, вул. Сосницька, 19, кв. 130"
153.,Політична партія «Солідарність правих сил»,02.04.2010,№ 179-п.п.,"м. Київ, вул. Каховська, буд. 60, офіс 202"
154.,Політична партія «Захист»,02.04.2010,№ 180-п.п.,"02002, м. Київ, вул. Степана Сагайдака, буд 101"
155.,Політична Партія «Опозиційний блок»,23.04.2010,№ 181-п.п.,"04070, м. Київ, вул. Волоська, 6/14"
156.,ПОЛІТИЧНА ПАРТІЯ «ПАТРІОТИ ВОЛИНІ»,23.04.2010,№ 182-п.п.,"43016, Волинська обл., м. Луцьк, вулиця Ковельська, 2, кабінет 2"
157.,Політична партія «За справедливість та добробут»(в стані припинення),30.04.2010,№ 183-п.п.,"Автономна Республіка Крим,м. Сімферополь, вул. Крупської, буд. 27"
158.,Політична партія «Народна сила»,30.04.2010,№ 184-п.п.,"04214, м. Київ, вул. Озерна, 10, кв. 73"
159.,Політичне об’єднання «Рідна Вітчизна»,27.05.2010,№ 185-п.п.,"04071, м. Київ, вул. Верхній Вал, будинок 4А.(в ЄРГФ місцезнаходження – 04071,м. Київ, вул. Верхній Вал, 4а (Літера А))"
160.,Політична партія «Молодь до ВЛАДИ»,10.06.2010,№ 186-п.п.,"04071, м.Київ, вул. Введенська, будинок 6А, н.п. 1"
161.,Політична партія «Воля»,08.09.2010,№ 188-п.п.,"01032, Україна,м. Київ, вул. Саксаганського, буд. 99,кв. 6"
162.,Радикальна партія Олега Ляшка,28.09.2010,№ 189-п.п.,"01021, м.Київ, вул. Кловський узвіз,буд. 7-А, оф. 37-38"
163.,Політична партія «Козацька Народна Партія»,28.09.2010,№ 190-п.п.,"36000, Україна, м. Полтава,вул. Куйбишева, буд. 20а"
164.,ПОЛІТИЧНА ПАРТІЯ «НОВЕ ЖИТТЯ»,16.03.2011,№ 191-п.п.,"м. Київ, пр. Героїв Сталінграду, 11,кв. 18"
165.,Політична партія «Мерітократична партія України»,12.04.2011,№ 192-п.п.,"м. Київ, вул. Костянтинівська, 2а(в ЄРГФ місцезнаходження – м. Київ, вул. Костянтинівська, 2а, 5-й поверх)"
166.,Політична партія «Міст»,19.04.2011,№ 193-п.п.,"02068, м. Київ, вул. Драгоманова, 1-г,кв. 222"
167.,Політична партія «Всеукраїнське аграрне об’єднання «Заступ»,04.05.2011,№ 195-п.п.,"04111, м. Київ, вул. Черняховського,буд. 29"
168.,ПОЛІТИЧНА ПАРТІЯ «УСПІШНА КРАЇНА»,26.07.2011,№ 197-п.п.,"01032, м. Київ, вул. Жилянська, буд. 110"
169.,Політична партія «Інтернет партія України»,01.08.2011,№ 196-п.п.,"04119, м. Київ, вул. Білоруська, буд. 15-Б, кв. 12"
170.,Політична партія «Наш край»,23.08.2011,№ 198-п.п.,"03124, м. Київ, вул. Велика Житомирська, буд. 30"
171.,ПОЛІТИЧНА ПАРТІЯ ДемАльянс (Демократичний альянс),07.09.2011,№ 199-п.п.,"03039, м. Київ, вул. Голосіївська, 13,кв. 117"
172.,Політична партія «Партія українського народу»,10.10.2011,№ 202-п.п.,"01034, м. Київ, вул. О. Гончара, 35"
173.,ПОЛІТИЧНА ПАРТІЯ  «БДЖОЛА»,17.10.2011,№ 203-п.п.,"02055, м. Київ, просп. Петра Григоренка, буд. 22/20, оф. 608"
174.,Політична партія «Духовна Україна»,21.10.2011,№ 204-п.п.,"м. Львів, вул. Грушевського, 7, кв. 2"
175.,Політична партія «Робітнича партія України»,07.11.2011,№ 205-п.п.,"03150, м. Київ, вул. Анрі Барбюса, буд. 13, кв. 13"
176.,Політична партія «ВЛАСНА СИЛА»,11.11.2011,№ 206-п.п.,"02218, м. Київ, вул. Вершигори, 5, кв. 37"
177.,Політична партія «Нові обличчя»,12.03.2012,№ 208-п.п.,"Україна, Київська обл., м. Буча,вул. Польова, 28, кв. 36"
178.,Політична партія «Ліва опозиція»,11.05.2012,№ 211-п.п.,"03062, м. Київ, вул. Ванди Василевської, буд. 7, офіс 331"
179.,ПОЛІТИЧНА ПАРТІЯ «ЄДНІСТЬ ТА РОЗВИТОК»,17.05.2012,№ 212-п.п.,"03150, м. Київ, вул. Ділова, буд. 2б, кв. 2"
180.,ПОЛІТИЧНА ПАРТІЯ «РОЗВИТОК І ДОБРОБУТ»,19.06.2012,№ 213-п.п.,"04071, м. Київ, вулиця Набережно-Лугова, 8"
181.,Політична партія «УКРАЇНА ПОНАД УСЕ»,21.12.2012,№ 214-п.п.,"м. Київ, вул. Ломоносова, буд.60-А, кв.63"
182.,Політична партія «Об’єднання «САМОПОМІЧ»,29.12.2012,№ 215-п.п.,"м. Львів, вул. Сахарова, буд.42"
183.,ПОЛІТИЧНА ПАРТІЯ «ПАРТІЯ ПРОГРЕСУ»,10.04.2013,№ 216-п.п.,"01013, м. Київ, вул. Будіндустрії, буд.6, оф.19"
184.,Політична партія «Партія Народна Платформа»,11.04.2013,№ 217-п.п.,"83001, м. Донецьк, бул. Шевченка, буд. 14, кв. 21"
185.,ПОЛІТИЧНА ПАРТІЯ «ГОЛОС НАРОДУ» (В ЄРГФ найменування –Політична партія «ЄДНОСТІ ТА СПРАВЕДЛИВОСТІ»),28.05.2013,№ 218-п.п.,"04070, м. Київ, вул. Волоська, буд. 6/14). (в ЄРГФ місцезнаходження –04071 м. Київ,вул. Ярославська,39 г)"
186.,ПОЛІТИЧНА ПАРТІЯ «Київська Русь – Україна»,15.07.2013,№ 219-п.п.,"08720, Київська обл., Обухівський р., м. Українка, вул. Юності, буд. 1, кв. 62"
187.,Політична партія «Блок Геннадія Чекіти «За справедливість»,12.08.2013,№ 220-п.п.,"м. Одеса, вул. Балківська, буд. 120/2"
188.,Політична партія «Національна Демократична партія України»,21.02.2014,№ 222-п.п.,"м. Київ, вул. Кондратюка, буд. 7, група приміщень № 718 (в літ. А)"
189.,Політична Партія «5.10»,19.03.2014,№ 223-п.п.,"м. Київ, вул. Інститутська, буд. 17/5,оф. 10"
190.,Політична партія «Республіканська партія «Славутич»,27.03.2014,№ 224-п.п.,"01013, м. Київ, вул. Промислова,буд. 4/7, оф. 44"
191.,Політична партія«Зелений Тризуб»,28.03.2014,№ 225-п.п.,"м. Київ, вул. Саперно-Слобідська, буд. 8, кв. 36"
192.,Політична партія «Республіка»,02.04.2014,№ 226-п.п.,"Чернігівська обл., Чернігівський р., с. Киїнка, вулиця Космонавтів, 92"
193.,Політична партія «НАРОДНИЙ ФРОНТ»,31.03.2014,№ 227-п.п.,"02121, м. Київ, вул. Вербицького Архітектора, буд. 30-А"
194.,Політична партія «СІРІУС»,06.05.2014,№ 228-п.п.,"03061, м. Київ, вул. Одеська, буд.14"
195.,Політична партія «Сам за себе»,20.05.2014,№ 229-п.п.,"Житомирська обл., Лугинський р-н,с. Літки, вул. Шеметицька, 81"
196.,Політична партія «Ми Українці»,22.05.2014,№ 230-п.п.,"02068, м. Київ, вул. Леоніда Первомайського, буд. 5, кв. 23"
197.,Політична партія «СИЛА НАЦІЇ»,13.06.2014,№ 231-п.п.,"01001, м. Київ, вул. Архітектора Городецького, буд. 10/1, офіс 8 (В ЄРГФ місцезнаходження –01001, м. Київ, вул. Архітектора Городецького, буд. 10, офіс 8)"
198.,ПОЛІТИЧНА ПАРТІЯ «ПАРТІЯ МИРУ ТА РОЗВИТКУ»,13.06.2014,№ 233-п.п.,"01601, м. Київ, вул. Мечникова, 2"
199.,Політична партія «Нова Україна»,27.06.2014,№ 234-п.п.,"м. Київ, вул. Івана Мазепи, 3, оф.197 (В ЄРГФ місцезнаходження –02081, м. Київ,вул. Урлівська, 11/44, кв.107)"
200.,Політична партія «Народні ініціативи Олександра Фельдмана»,02.07.2014,№ 235-п.п.,"61002, м. Харків, вул. Сумська, буд. 70"
201.,Політична партія «Сильна Держава»,10.07.2014,№ 237-п.п.,"02094, м. Київ, вул. Магнітогорська,буд. 1"
202.,Політична партія «ВІДРОДЖЕННЯ І РОЗВИТОК»,11.07.2014,№ 236-п.п.,"Донецька обл., м. Добропілля,вул. Луганська, буд. 17, кв.6"
203.,Політична партія «РУХ ЗА РЕФОРМИ»,17.07.2014,№ 238-п.п.,"01133, м. Київ, бульвар Лесі Українки, буд. 26"
204.,Політична партія «МОГУТНЯ УКРАЇНА»,25.07.2014,№ 240-п.п.,"Україна, м. Київ, вул. Шовковична, буд. 5, кв. 6"
205.,Політична Партія «Піратська Партія України»,06.08.2014,№ 241-п.п.,"м. Київ, вул. Кіквідзе, буд. 12-А, н.п. 31"
206.,ПОЛІТИЧНА ПАРТІЯ «ПЕРСПЕКТИВА»,12.08.2014,№ 242-п.п.,"49101, Дніпропетровська обл., м. Дніпро, вул. Святослава Хороброго, буд. 11, кімната 207"
207.,Політична партія «Українська Галицька партія»,18.08.2014,№ 245-п.п.,"79013, Львівська обл., м. Львів,вул. Нечуя-Левицького, буд. 17, кв. 4."
208.,Політична партія «Контроль. Порядок. Справедливість»,19.08.2014,№ 243-п.п.,"01054, м. Київ, вул. Дмитрівська, 19-А"
209.,Політична партія «Сила людей»,20.08.2014,№ 244-п.п.,"01001, м. Київ, вул. Хрещатик, буд. 7/11, офіс 525"
210.,ПОЛІТИЧНА ПАРТІЯ «ВЛАДА НАРОДУ»,27.08.2014,№ 246-п.п.,"02100, м. Київ, вул. Краківська, буд. 4, кв. 47"
211.,Політична партія «НОВА СОЛІДАРНА УКРАЇНА»,27.08.2014,№ 247-п.п.,"03141, м. Київ, вул. Амосова, буд.2, офіс 8"
212.,ПОЛІТИЧНА ПАРТІЯ «СОЦІАЛІСТИ»,27.08.2014,№ 248-п.п.,"01024, м. Київ, вул. Банкова, буд. 3, оф. 51А"
213.,Політична партія «Час змін»,12.09.2014,№ 249-п.п.,"01054, м. Київ, вул. Ярославів Вал, буд. 13/2 (літера Б)"
214.,ПОЛІТИЧНА ПАРТІЯ «УКРАЇНСЬКЕ ОБ’ЄДНАННЯ ПАТРІОТІВ – УКРОП»,25.09.2014,№ 250-п.п.,"01001, м. Київ, вул. Володимирська,буд. 12, офіс 307"
215.,Політична партія «Партія Європейських Демократів»,25.09.2014,№ 251-п.п.,"83004, Донецька обл., місто Донецьк, ВУЛИЦЯ АРТЕМА, будинок 171, квартира 14."
216.,Політична партія «Партія поляків України»,06.10.2014,№ 252-п.п.,"м. Київ, вул. Дмитрівська, 18/24, поверх 8"
217.,ПОЛІТИЧНА ПАРТІЯ «СОБОРНІСТЬ»,14.10.2014,№ 253-п.п.,"02218, м. Київ, вул. Сєрова, буд. 28, кв. 18"
218.,Політична партія «НОВА ЄВРОПЕЙСЬКА Україна»,17.10.2014,№ 254-п.п.,"вул. Гната Юри, буд. 10, кв. 77, м. Київ, 03146"
219.,ПОЛІТИЧНА ПАРТІЯ «ВСЕУКРАЇНСЬКЕ ОБ’ЄДНАННЯ «МИР»,04.12.2014,№ 255-п.п.,"03191, м. Київ, вул. Конєва Маршала, буд. 8, каб. 71"
220.,ПОЛІТИЧНА ПАРТІЯ «ОПОЗИЦІЙНА СИЛА»,04.12.2014,№ 257-п.п.,"03186, м. Київ, вул. Авіаконструктора Антонова, буд. 15 А"
221.,Політична партія «Всеукраїнське об’єднання «Відродження України»,12.12.2014,№ 258-п.п.,"м. Київ, проспект Перемоги, 121-а,кв. 166"
222.,ПОЛІТИЧНА ПАРТІЯ «ВСЕУКРАЇНСЬКЕ ОБ’ЄДНАННЯ «ГРОМАДСЬКИЙ КОНТРОЛЬ»,15.12.2014,№ 259-п.п.,"33001, Рівненська обл., м. Рівне, вул. Петра Могили, буд. 8"
223.,ПОЛІТИЧНА ПАРТІЯ «АГРАРНА ПАРТІЯ УКРАЇНИ ОБ'ЄДНАНА»,15.12.2014,№ 260-п.п.,"49101, Дніпропетровська обл.,м. Дніпропетровськ, вул. Чкалова,буд. 11"
224.,ПОЛІТИЧНА ПАРТІЯ «УКРАЇНСЬКА СТРАТЕГІЯ ГРОЙСМАНА»,14.01.2015,№ 261-п.п.,"01001, м.Київ, Майдан Незалежності, будинок 2"
225.,ПОЛІТИЧНА ПАРТІЯ «УНІВЕРСАЛЬНА ПАРТІЯ УКРАЇНИ»(В ЄРГФ – ПОЛІТИЧНА ПАРТІЯ «КОНТРОЛЮЙ ВЛАДУ»,23.01.2015,№ 262-п.п.,"03187, м. Київ, вул. Теремківська, буд.14, кв. 48.(В ЄРГФ нове місцезнаходження Партії - 01033, м. Київ, вул. Володимирська, 71, оф.45)"
226.,ПОЛІТИЧНА ПАРТІЯ «СОЦІАЛ-ДЕМОКРАТИЧНА ПАРТІЯ»,27.01.2015,№ 263-п.п.,"02175, м. Київ, вул. Сімферопольська, 11/1, кім. 420"
227.,Політична партія «РУХ НОВИХ СИЛ МИХАЙЛА СААКАШВІЛІ»,27.01.2015,№ 264-п.п.,"01001, м. Київ, провулок Музейний,буд. 4, офіс 3"
228.,ПОЛІТИЧНА ПАРТІЯ «ГІДНІСТЬ»,28.01.2015,№ 265-п.п.,"04116, м. Київ, вул. Старокиївська, буд. 9, кв. 101"
229.,ПОЛІТИЧНА ПАРТІЯ «ПОРУЧ»,30.01.2015,№ 266-п.п.,"04210, м. Київ, просп. Героїв Сталінграда, буд. 43 В, кв. 14"
230.,ПОЛІТИЧНА ПАРТІЯ «ПАРТІЯ ШАРІЯ»,03.02.2015,№ 267-п.п.,"61058, Харківська обл., м. Харків, пров. Іванівський, 5, каб. 13"
231.,ПОЛІТИЧНА ПАРТІЯ «АЛЬТЕРНАТИВА»,06.02.2015,№ 268-п.п.,"01034, м. Київ, вул. Пушкінська, буд. 11, нежиле приміщення 23, літера А."
232.,ПОЛІТИЧНА ПАРТІЯ «Офіцерський корпус»,09.02.2015,№ 269-п.п.,"01030, м. Київ, вул. Б. Хмельницького, 51-А."
233.,ПОЛІТИЧНА ПАРТІЯ «ПАРТІЯ АНТОНА ЯЦЕНКА»,09.02.2015,№ 270-п.п.,"01021, м. Київ, вул. Михайла Грушевського, буд. 28/2, офіс 43"
234.,Політична Партія «ГОЛОС»,10.02.2015,№ 271-п.п.,"01032, м. Київ, Вулиця Жилянська, буд. 75"
235.,ПОЛІТИЧНА ПАРТІЯ «Порядок»,14.02.2015,№ 272-п.п.,"11301, смт. Лугини, вул. Карла Маркса, 48, корп. Д, Житомирська обл., Лугинський р-н"
236.,ПОЛІТИЧНА ПАРТІЯ «НАШІ»,19.02.2015,№ 273-п.п.,"61128, Харківська обл., м. Харків,вул. Садовий проїзд, буд. 9"
237.,ПОЛІТИЧНА ПАРТІЯ «ПРАВО НАРОДУ»,20.02.2015,№ 274-п.п.,"03115, Україна, м. Київ,вул. Святошинська, 4."
238.,Політична партія «Альянс За Соціальну Справедливість»,23.02.2015,№ 275-п.п,"08203, Київська обл., місто Ірпінь,вул. Котляревського, буд. 31, кв. 57. (В ЄРГФ місцезнаходження – 08203, Київська обл.,м. Ірпінь, вул. Котляревського, буд. 31-б, кв. 57)"
239.,ПОЛІТИЧНА ПАРТІЯ «ДОБРИЙ САМАРЯНИН»,25.02.2015,№ 276-п.п.,"46001, м. Тернопіль, вул. Руська, 5"
240.,ПОЛІТИЧНА ПАРТІЯ «ГРОМАДСЬКО-ПОЛІТИЧНИЙ РУХ ВАЛЕНТИНА НАЛИВАЙЧЕНКА «СПРАВЕДЛИВІСТЬ»,03.03.2015,№ 277-п.п.,"01032, м. Київ, вул. Саксаганського,143 – А"
241.,ПОЛІТИЧНА ПАРТІЯ «НАША ЗЕМЛЯ»,04.03.2015,№ 278-п.п.,"04114, м. Київ, вул. Макіївська, буд. 4, нежиле приміщення № 1 В літера «А»"
242.,ПОЛІТИЧНА ПАРТІЯ «НОВА ДІЯ» (у стані припинення),05.03.2015,№ 279-п.п.,"93401, Луганська обл.,м. Сєвєродонецьк, вул. Богдана Ліщини, буд. 45"
243.,ПОЛІТИЧНА ПАРТІЯ «БЛОК ДАРТА ВЕЙДЕРА»,10.03.2015,№ 280-п.п.,"04209, м. Київ, вул. Героїв Дніпра,буд. 29, кв. 151"
244.,ПОЛІТИЧНА ПАРТІЯ «ПАРТІЯ РОЗВИТКУ ГРОМАД»,10.03.2015,№ 281-п.п.,"01042, м.Київ, вул. Джона Маккейна, буд. 30"
245.,ПОЛІТИЧНА ПАРТІЯ «ВИМАГАЄМО ЗМІН»,11.03.2015,№ 282-п.п.,"02081, м. Київ, вулиця Дніпровська Набережна, буд. 19 В."
246.,ПОЛІТИЧНА ПАРТІЯ «ГРОМАДСЬКИЙ РУХ «НАРОДНИЙ КОНТРОЛЬ»,13.03.2015,№ 283-п.п.,"01054, Україна, м. Київ,вул. Дмитрівська, 56-а, кв. 24"
247.,Політична партія «Незалежна політична платформа»,16.03.2015,№ 284-п.п.,"03151, м. Київ, вул. Смілянська, буд. 15, кв. 222"
248.,Політична партія «Громадянський рух «Спільна Справа»,19.03.2015,№ 285-п.п.,"03186, м. Київ, вул. Авіаконструктора Антонова, буд. 7, кв. 21"
249.,Політична партія «ГРОМАДА І ЗАКОН»,23.03.2015,№ 286-п.п.,"м. Київ, вул. Володимирська, 42, кім. 17"
250.,Політична партія «ВСЕУКРАЇНСЬКЕ ОБ’ЄДНАННЯ ГОРОДЯН «ПЕРСПЕКТИВА»,24.03.2015,№ 287-п.п.,"03040, м. Київ, вул. Дубініна, буд. 12,кв. 10"
251.,ПОЛІТИЧНА ПАРТІЯ «РОЗВИТКУ І УКРАЇНСЬКОЇ МРІЇ»,26.03.2015,№ 288-п.п.,"01010, м.Київ, вул. Івана Мазепи, буд. 11-Б"
252.,Політична партія «Український вибір»,26.03.2015,№ 289-п.п.,"м. Запоріжжя, вул. Червоногвардійська, буд. 27 «А», кв. 27"
253.,ПОЛІТИЧНА ПАРТІЯ «ГРОМАДСЬКИЙ РУХ МИКОЛИ ТОМЕНКА «РІДНА КРАЇНА»,26.03.2015,№ 290-п.п.,"04114, м. Київ, вул. Вишгородська, 63"
254.,ПОЛІТИЧНА ПАРТІЯ «ЗА КОНКРЕТНІ СПРАВИ»,26.03.2015,№ 291-п.п.,"29017, м. Хмельницький,вул. Зарічанська, буд. 11/4"
255.,ПОЛІТИЧНА ПАРТІЯ «УКРАЇНСЬКИЙ НАРОДНИЙ БЛОК»,26.03.2015,№ 292-п.п.,"03022, м. Київ, вул. Васильківська,буд. 37, оф. 524"
256.,ПОЛІТИЧНА ПАРТІЯ «РІДНИЙ ДІМ»,26.03.2015,№ 293-п.п.,"14000, Чернігівська обл., м. Чернігів, Новозаводський р., вул.Реміснича, буд. 18"
257.,ПОЛІТИЧНА ПАРТІЯ «ХЕРСОНЦІ»,26.03.2015,№ 294-п.п.,"м. Київ, Харківське шосе, 144 А"
258.,ПОЛІТИЧНА ПАРТІЯ «ЄДИНА ГРОМАДА»,11.06.2015,№ 296-п.п.,"04210, м.Київ, проспект Героїв Сталінграда, буд. 10А, корпус 2, приміщення 37"
259.,ПОЛІТИЧНА ПАРТІЯ «ОЛІМП»,11.06.2015,№ 297-п.п.,"08131, Київська обл., Києво-Святошинський р-н,с. Софіївська Борщагівка,вул. Шевченка, 87"
260.,ПОЛІТИЧНА ПАРТІЯ «ПАРТІЯ РІШУЧИХ ГРОМАДЯН»,17.06.2015,№ 298-п.п.,"02232, м. Київ, вул. Олександра Сабурова, буд. 8"
261.,ПОЛІТИЧНА ПАРТІЯ «БЛОК ВОЛОДИМИРА МИКОЛАЄНКО»,25.06.2015,№ 299-п.п.,"04053, м. Київ, пров. Бехтеревський,буд. 4А, н/п № 19"
262.,ПОЛІТИЧНА ПАРТІЯ «БЛОК ЗА ЗМІНИ»,25.06.2015,№ 300-п.п.,"09100, Київська обл., м. Біла Церква, вул. Небесної сотні, буд. 24"
263.,ПОЛІТИЧНА ПАРТІЯ «ЛЕЙБОРИСТСЬКА ПАРТІЯ УКРАЇНИ»,25.06.2015,№ 301-п.п.,"04071, м. Київ, вулиця Воздвиженська, будинок 18"
264.,Політична партія «Україна завтра»,02.07.2015,№ 302-п.п.,"04050, м. Київ, вул. Миколи Пимоненка, буд. 3, офіс 5"
265.,Політична партія «Українська православна асамблея»,06.07.2015,№ 303-п.п.,"м. Київ, вул. Ярославська, 47/29"
266.        м,Політична партія «КОНКРЕТНИХ СПРАВ»,06.07.2015,№ 304-п.п.,"м. Київ, вул. Васильківська, 3"
267.,ПОЛІТИЧНА ПАРТІЯ «СОБОР»,06.07.2015,№ 305-п.п.,"01135, м.Київ, вул. Золотоустівська, буд. 3,  каб. 529"
268.,ПОЛІТИЧНА ПАРТІЯ  «НАШ ДІМ – ОДЕСА»,20.07.2015,№ 306-п.п.,"65023, Одеська обл., м. Одеса, Приморський р-н., пров. Топольського, 4-А, прим. 101"
269.,Політична партія «Громадянське суспільство»,20.07.2015,№ 307-п.п.,"04071, м. Київ, вул. Волоська, 55/57"
270.,ПОЛІТИЧНА ПАРТІЯ «ЄДИНА СИЛА»,22.07.2015,№ 308-п.п.,"02098, м. Київ, вул. П. Тичини, 16/2, кв. 6"
271.,Політична партія «Європейська ліберальна партія»,22.07.2015,№ 309-п.п.,"08292, Київська обл., м. Буча, вул. Пушкінська, буд. 2к, кв. 77"
272.,ПОЛІТИЧНА ПАРТІЯ «ГРОМАДЯНСЬКИЙ РУХ «СВІДОМІ»,22.07.2015,№ 310-п.п.,"03151, м. Київ, вул. Ушинського, буд. 27, кв. 78"
273.,ПОЛІТИЧНА ПАРТІЯ «ЗЛАГОДА»,05.08.2015,№ 311-п.п.,"01010, м. Київ, вул. Аїстова, буд. 3, кв. 134"
274.,ПОЛІТИЧНА ПАРТІЯ «НАРОДНА ОПОЗИЦІЯ»,13.08.2015,№ 312-п.п.,"42520, Україна, Сумська обл., Липоводолинський р-н, с. Саї, вул. Довженка, 4"
275.,ПОЛІТИЧНА ПАРТІЯ «УНА-УНСО»,20.08.2015,№ 313-п.п.,"01021, м. Київ, вул. Липська, 19/7,кв. 30а"
276.,ПОЛІТИЧНА ПАРТІЯ «АДВОКАТ»,28.08.2015,№ 314-п.п.,"03191, м. Київ, вул. Лятошинського, 14 А"
277.,ПОЛІТИЧНА ПАРТІЯ «МАЙБУТНЄ КРАЇНИ»,07.09.2015,№ 315-п.п.,"01042, вул. Академіка Філатова, буд. 10-а, кв. 3/38"
278.,ПОЛІТИЧНА ПАРТІЯ «ВОЇНИ АТО»,17.09.2015,№ 317-п.п.,"04123, м. Київ, вул. Червонопільська,2-А, кв. 51"
279.,ПОЛІТИЧНА ПАРТІЯ «РЕСПУБЛІКАНСЬКА ПАРТІЯ»,17.09.2015,№ 318-п.п.,"03150, м. Київ, вул. Предславинська, 31/11"
280.,ПОЛІТИЧНА ПАРТІЯ «МИРУ І РОЗКВІТУ»,17.09.2015,№ 319-п.п.,"07300, Київська обл., м. Вишгород,вул. Шолуденка, буд. 6-Б, кв. 22"
281.,ПОЛІТИЧНА ПАРТІЯ «ВСЕУКРАЇНСЬКЕ ОБ’ЄДНАННЯ «ПЛАТФОРМА ГРОМАД»,17.09.2015,№ 320-п.п.,"08147, Київська обл., Києво-Святошинський р., с. Софіївська Борщагівка, вул. Академіка Шалімова, буд. 65-А, кв. 27"
282.,ПОЛІТИЧНА ПАРТІЯ «ПАРТІЯ ТВОГО МІСТА»,17.09.2015,№ 321-п.п.,"10031, Житомирська обл., м. Житомир, Богунський р., вулиця Крошенська, буд. 30, кв. 165"
283.,ПОЛІТИЧНА ПАРТІЯ «ЄВРОПЕЙСЬКА ПЕРСПЕКТИВА»,17.09.2015,№ 322-п.п.,"03187, м. Київ, проспект Академіка Глушкова 12, кв. 24"
284.,Політична партія «ПАТРІОТИ УКРАЇНИ»,17.09.2015,№ 323-п.п.,"40035,Сумська обл., м. Суми, вул. Заливна, буд. 1/1, кв. 8"
285.,ПОЛІТИЧНА ПАРТІЯ «ВСЕУКРАЇНСЬКЕ ОБ’ЄДНАННЯ «НОВА УКРАЇНА»,21.10.2015,№ 324-п.п.,"01021, м. Київ, вул. Михайла Грушевського, буд. 16, оф. 7"
286.,ПОЛІТИЧНА ПАРТІЯ «МИ – КИЯНИ»,21.10.2015,№ 325-п.п.,"03179, м. Київ, просп. Перемоги,буд. 148/1, оф. 257"
287.,ПОЛІТИЧНА ПАРТІЯ «СОЦІАЛЬНО-ПОЛІТИЧНИЙ СОЮЗ «ІНТЕЛЕКТУАЛЬНА ІНІЦІАТИВА»,02.11.2015,№ 326-п.п.,"м. Київ Леся Курбаса, буд. 10-А, кв. 114"
288.,Політична партія: Всеукраїнське об’єднання «Вільність і справедливість»,02.11.2015,№ 327-п.п.,"32300, Хмельницька обл., м. Кам’янець-Подільський, просп. Грушевського,буд. № 21/2"
289.,ПОЛІТИЧНА ПАРТІЯ «ЗАКОН І СПРАВЕЛИВІСТЬ»,02.11.2015,№ 328-п.п.,"08201, Київська обл., м. Ірпінь,вул. Мечникова,буд. 104-а, кв. 25"
290.,ПОЛІТИЧНА ПАРТІЯ «ЄДНАННЯ»,02.11.2015,№ 329-п.п.,"03061, м. Київ, просп. Відрадний, 18,кв. 28"
291.,ПОЛІТИЧНА ПАРТІЯ «ВСЕУКРАЇНСЬКЕ ОБ'ЄДНАННЯ «ІНІЦІАТИВА»,20.11.2015,№ 330-п.п.,"03134, м. Київ, вул. Симиренка, буд. 31, кв. 97"
292.,ПОЛІТИЧНА ПАРТІЯ «ЗА ОДЕЩИНУ»,25.11.2015,№ 331-п.п.,"65014, Одеська обл., м. Одеса, вул. Канатна, буд. 10."
293.,ПОЛІТИЧНА ПАРТІЯ «ЖИТТЯ»,21.12.2015,№ 332-п.п.,"61052, Харківська обл., м. Харків, вул. Полтавський шлях, буд. 37,"
294.,ПОЛІТИЧНА ПАРТІЯ «НОВІ РУБЕЖІ»,21.12.2015,№ 333-п.п.,"61058, Харківська обл., м. Харків, вул. Анрі Барбюса, буд. 7, кв. 84"
295.,ПОЛІТИЧНА ПАРТІЯ «ВІННИЦЬКА ЄВРОПЕЙСЬКА СТРАТЕГІЯ»,21.12.2015,№ 334-п.п.,"21027, Вінницька обл., м. Вінниця, вул. 600-річчя, будинок 80"
296.,ПОЛІТИЧНА ПАРТІЯ «СІМ'Я»,21.12.2015,№ 335-п.п.,"04080, м.Київ, вул. Кирилівська, буд. 60П, офіс 5"
297.,Політична партія «Оновлена Україна»,21.12.2015,№ 336-п.п.,"03022, м. Київ, вул. Ломоносова, 67, кв. 124"
298.,Політична партія «МОЛОДИЙ ХАРКІВ»,21.12.2015,№ 337-п.п.,"61070, Харківська обл., м. Харків, вул. Шевченка, буд. 343, кв. 51"
299.,ПОЛІТИЧНА ПАРТІЯ «ПАРТІЯ ЗАХИСНИКІВ УКРАЇНИ»,21.12.2015,№ 338-п.п.,"03142, м. Київ, бульвар Академіка Вернадського, буд. 87, кв. 64"
300.,ПОЛІТИЧНА ПАРТІЯ «НАЦІОНАЛЬНИЙ КОРПУС»,21.12.2015,№ 339-п.п.,"01014, м. Київ, вул. Зої Гайдай, будинок 9/8"
301.,ПОЛІТИЧНА ПАРТІЯ «ПРАВО-КОНСЕРВАТИВНА ПАРТІЯ УКРАЇНИ «ПІВНІЧНИЙ ШЛЯХ»,18.01.2016,№ 340-п.п.,"03150, м.Київ, вул. Антоновича, буд. 48б, кв. 26"
302.,ПОЛІТИЧНА ПАРТІЯ «СПРАВЖНІ»,22.01.2016,№ 341-п.п.,"02068, м. Київ, вул. Анни Ахматової, буд. 22, офіс 3004"
303.,ПОЛІТИЧНА ПАРТІЯ «СОЦІАЛІСТИЧНА ПАРТІЯ ОЛЕКСАНДРА МОРОЗА»,22.01.2016,№ 342-п.п.,"03058, м.Київ, вул. Генерала Тупикова, 11А"
304.,ПОЛІТИЧНА ПАРТІЯ «УКРАЇНА СЛАВЕТНА»,22.01.2016,№ 343-п.п.,"04211, м. Київ, просп. Героїв Сталінграду, буд. 6, корп. 7, секція 1"
305.,Політична партія «Стабільність та справедливість»,22.01.2016,№ 344-п.п.,"02090, м. Київ, вулиця Харківське Шосе, будинок 19 А, нежиле приміщення 761."
306.,Політична партія «НАРОД»,22.01.2016,№ 345-п.п.,"03170, м. Київ, вул. Зодчих 74, кв. 71"
307.,Політична партія «Важливий кожен»,22.01.2016,№ 346-п.п.,"02167, м.Київ, вул. Лісківська, буд. 18-Б, кв. 25"
308.,ПОЛІТИЧНА ПАРТІЯ «АНТИКОРУПЦІЙНИЙ РУХ»,22.01.2016,№ 347-п.п.,"08131, Київська обл., Києво-Святошинський р., с. Софіївська Борщагівка, вул. Боголюбова, буд. 7, кв. 9"
309.,ПОЛІТИЧНА ПАРТІЯ «ВОЛЯ ТА ДОБРОБУТ»,22.01.2016,№ 348-п.п.,"03061, м.Київ, проспект Відрадний, буд.103, офіс 608"
310.,Політична партія «РОЗУМНА СИЛА»,22.01.2016,№ 349-п.п.,"м. Київ, пров. Киянівський, буд. 3-7"
311.,ПОЛІТИЧНА ПАРТІЯ «ЄДИНИЙ КРИВИЙ РІГ»,22.01.2016,№ 350-п.п.,"50084, Дніпропетровська обл., м. Кривий Ріг, вул. Співдружності, буд. 70, кв. 18"
312.,ПОЛІТИЧНА ПАРТІЯ «НОВІ»,22.01.2016,№ 351-п.п.,"м. Київ, вул. Чигоріна, 49"
313.,ПОЛІТИЧНА ПАРТІЯ «НЕЗАЛЕЖНІСТЬ»,22.01.2016,№ 352-п.п.,"м. Київ, вул. Банкова, буд. 1/10, кв.15"
314.,ПОЛІТИЧНА ПАРТІЯ «ГРОМАДСЬКА ПОЗИЦІЯ»,22.01.2016,№ 353-п.п.,"02090, м.Київ, вул. Харківське Шосе, буд. 19, оф. 511."
315.,"ПОЛІТИЧНА ПАРТІЯ «ПАРТІЯ ГРОМАДИ ОБ'ЄДНАНИХ ВЛАСНИКІВ БАГАТОКВАРТИРНИХ БУДИНКІВ, БУДІВЕЛЬНИКІВ ТА БУДІВЕЛЬНИХ ОРГАНІЗАЦІЙ»",22.01.2016,№ 354-п.п.,"33013, Рівненська обл., м. Рівне, вул. Князя Володимира, буд. 108"
316.,ПОЛІТИЧНА ПАРТІЯ «ПЕРСПЕКТИВА МІСТА»,22.01.2016,№ 355-п.п.,"25015, м. Кропивницький, вул. Євгена Маланюка, буд. 1а, офіс 211"
317.,ПОЛІТИЧНА ПАРТІЯ «ЦИГАНСЬКА ПАРТІЯ УКРАЇНИ»,22.01.2016,№ 356-п.п.,"Одеська обл., м. Одеса, вул. Заболотного, буд. 18, кв. 170"
318.,ПОЛІТИЧНА ПАРТІЯ «БЛОК МІХЕІЛА СААКАШВІЛІ»,22.01.2016,№ 357-п.п.,"04128, м.Київ, вул. Туполєва, буд. 17К, нежиле приміщення 1."
319.,ПОЛІТИЧНА ПАРТІЯ «СТУДЕНТСЬКА ПАРТІЯ УКРАЇНИ»,22.01.2016,№ 358-п.п.,"03065, м. Київ, вул. Героїв Севастополя, буд. 10-Б, кв. 36"
320.,ПОЛІТИЧНА ПАРТІЯ «ПАРТІЯ ЄДНОСТІ»,22.01.2016,№ 359-п.п.,"01024, Дніпропетровська обл., м. Кам’янське, вул. Ковалевича, буд. 2, оф. 17-18"
321.,ПОЛІТИЧНА ПАРТІЯ «НОВА»,22.01.2016,№ 360-п.п.,"03028, м.Київ, вулиця Малокитаївська, буд. 29"
322.,ПОЛІТИЧНА ПАРТІЯ «ПАРТІЯ ЗАРОБІТЧАН УКРАЇНИ»,22.01.2016,№ 361-п.п.,"вул. Льва Толстого,  буд. 15-Б, оф. 8,м. Київ, 01033"
323.,ПОЛІТИЧНА ПАРТІЯ «ТРИБУНАЛ»,01.02.2016,№ 362-п.п.,"03056, м. Київ, вул. Польова, буд. 37"
324.,ПОЛІТИЧНА ПАРТІЯ «ВСЕУКРАЇНСЬКЕ ОБ'ЄДНАННЯ «ФАКЕЛ»,01.02.2016,№ 363-п.п.,"09100, Київська обл., м. Біла Церква, вул. Героїв  Небесної Сотні, буд. 28"
325.,ПОЛІТИЧНА ПАРТІЯ «БЛОК КЕРНЕСА – УСПІШНИЙ ХАРКІВ!»,01.02.2016,№ 364-п.п.,"61003, Харківська обл., м. Харків, вул. Короленка, буд. 12"
326.,ПОЛІТИЧНА ПАРТІЯ «УКРАЇНСЬКА ГРОМАДСЬКА РАДА»,03.02.2016,№ 365-п.п.,"01103, м. Київ, вул. Михайла Бойчука, буд. 3, оф. 2"
327.,ПОЛІТИЧНА ПАРТІЯ «УКРАЇНА БЕЗ КОРУПЦІЇ»,16.02.2016,№ 366-п.п.,"42700, Сумська обл., м. Охтирка, пр. Суворова, 10"
328.,ПОЛІТИЧНА ПАРТІЯ «ВСЕУКРАЇНСЬКЕ ОБ’ЄДНАННЯ «ДЕМОКРАТИЧНА АЛЬТЕРНАТИВА»,23.02.2016,№ 367-п.п.,"08325, Київська обл., Бориспільський р., с. Щасливе, вул. Л. Українки, буд. 14"
329.,ПОЛІТИЧНА ПАРТІЯ «ГРОМАДСЬКО-ПОЛІТИЧНА ПЛАТФОРМА НАДІЇ САВЧЕНКО»,23.02.2016,№ 368-п.п.,"02217, м. Київ, вул. Теодора Драйзера, буд. 6-А, квартира 97"
330.,ПОЛІТИЧНА ПАРТІЯ «БЛОК ДМИТРА ГОЛУБОВА»,23.02.2016,№ 369-п.п.,"65098, Одеська обл., м. Одеса, Малиновський р., вул. Стовпова, буд. 28/3, літ. А, кабінет 324"
331.,Політична партія «ГРОМАДЯНСЬКИЙ СОЮЗ»,23.02.2016,№ 370-п.п.,"01054, м. Київ, вул. Павлівська, 4-8, кв.56"
332.,ПОЛІТИЧНА ПАРТІЯ «ВСЕУКРАЇНСЬКИЙ НАРОДНИЙ СОЮЗ»,14.03.2016,№ 371-п.п.,"01014, м. Київ, вул. Звіринецька, б. 63"
333.,ПОЛІТИЧНА ПАРТІЯ «ХРИСТИЯНСЬКІ СОЦІАЛІСТИ»,14.03.2016,№ 372-п.п.,"01030, м.Київ, вулиця Богдана Хмельницького, буд. 23 Б"
334.,ПОЛІТИЧНА ПАРТІЯ «РОЗВИТОК»,14.03.2016,№ 373-п.п.,"01030, м. Київ, вул. Богдана Хмельницького, буд. 44"
335.,ПОЛІТИЧНА ПАРТІЯ «СВІДОМА НАЦІЯ»,14.03.2016,№ 374-п.п.,"04071, м. Київ, вул. Воздвиженська, 56"
336.,ПОЛІТИЧНА ПАРТІЯ «ЗАПОРУКА (ЗА ПОРЯДОК В УКРАЇНІ)»,24.03.2016,№ 375-п.п.,"39800, Полтавська обл.,м. Горішні Плавні (м. Комсомольськ), вул. Соборна,буд. 31"
337.,ПОЛІТИЧНА ПАРТІЯ «РАЗОМ СИЛА»,24.03.2016,№ 376-п.п.,"03057, м. Київ, просп. Перемоги, буд. 52/2"
338.,ПОЛІТИЧНА ПАРТІЯ «СЛУГА НАРОДУ»,31.03.2016,№ 377-п.п.,"04053, м. Київ, вул. Січових Стрільців, буд. 77, оф. 728"
339.,Політична партія «СТАБІЛЬНІСТЬ»,25.05.2016,№ 378-п.п.,"87525, Донецька обл., м. Маріуполь, пр-т. Нахімова, буд. 190, офіс 25"
340.,Політична партія Всеукраїнське об’єднання «Народні герої»,10.06.2016,№ 379-п.п.,"04212, м. Київ, просп. Героїв Сталінграду, 14, оф. 8"
341.,Політична партія «Майбутнє України»,11.07.2016,№ 380-п.п,"04050, м.Київ, вул. Січових Стрільців, буд. 77"
342.,Політична партія «ДУХ НАЦІЇ»,28.12.2016,№ 381-п.п.,"49038, Дніпропетровська обл., м. Дніпро, просп. Дмитра Яворницького, буд. 99, офіс б/н"
343.,Політична партія «Союз міста і села»,13.03.2017,№ 382-п.п.,"02099, м. Київ, вул. Бориспільська, 9, корпус, 8, офіс, 101"
344.,Політична партія «Велика країна»,13.03.2017,№ 383-п.п.,"02081, м. Київ, вул. Дніпровська набережна, 19В,кв. 264"
345.,ПОЛІТИЧНА ПАРТІЯ «УСПІШНА Україна»,17.03.2017,№ 384-п.п,"04071, м. Київ, вул. Костянтинівська, 2А"
346.,ПОЛІТИЧНА ПАРТІЯ «КИЇВСЬКА ГРОМАДА»,24.10.2018,№ 385-п.п.,"03083, м. Київ, вул. Левітана, буд. 3, кв. 42."
347.,ПОЛІТИЧНА ПАРТІЯ «БЛОК ВОЛОДИМИРА САЛЬДО»,03.04.2019,№ 386-п.п.,"73003, м. Херсон, Корабельний р., вул. Ярослава Мудрого, буд. 32, каб.11"
348.,ПОЛІТИЧНА ПАРТІЯ «ПАРТІЯ ЧЕРНІВЧАН»,09.04.2019,№ 387-п.п.,"58003, м. Чернівці, вул. Олександра Доброго, буд. 13, оф. 15"
349.,ПОЛІТИЧНА ПАРТІЯ «ДЕМОКРАТИЧНА СОКИРА»,21.05.2019,№ 388-п.п.,"03022, м.Київ, провулок Василя Жуковського, буд. 15, корпус 3"
